{
   "name": "MHM",
   "precision": 4,
   "map": {
      "33.8918,-111.411": 5497.692614485869,
      "33.9613,-111.411": 3505.7353343062305,
      "33.9439,-111.411": 4485.108927076631,
      "33.9092,-111.411": 6607.492012545381,
      "33.9179,-111.411": 6137.955028478203,
      "33.9266,-111.411": 5451.923454710889,
      "33.9352,-111.411": 5182.036718354697,
      "33.8831,-111.411": 5081.26943432962,
      "33.9005,-111.411": 6219.207081603203,
      "33.9526,-111.411": 3493.1438292281055,
      "33.9439,-111.4082": 4250.911338046875,
      "33.9352,-111.4082": 5165.849986143809,
      "33.8831,-111.4082": 4844.465435790606,
      "33.9526,-111.4082": 3641.373157632861,
      "33.9613,-111.4082": 3464.269073087578,
      "33.9092,-111.4082": 6835.118309737559,
      "33.9266,-111.4082": 5824.93517835002,
      "33.9005,-111.4082": 6491.924904135947,
      "33.9179,-111.4082": 6499.546689540605,
      "33.8918,-111.4082": 5216.360984981289,
      "33.9352,-111.4055": 5079.124392945361,
      "33.8831,-111.4055": 4690.355265767217,
      "33.9179,-111.4055": 6571.508903231192,
      "33.9005,-111.4055": 6325.680992720342,
      "33.9092,-111.4055": 6712.762842196856,
      "33.9613,-111.4055": 3532.080976117139,
      "33.9266,-111.4055": 5830.258533487558,
      "33.9439,-111.4055": 4486.507048712578,
      "33.8918,-111.4055": 5183.685148217158,
      "33.9526,-111.4055": 3917.3846359468553
   }
}