{
   "name": "MHM",
   "precision": 4,
   "map": {
      "33.8831,-111.411": 5081.26943432962,
      "33.9352,-111.411": 5182.036718354697,
      "33.9092,-111.411": 6607.492012545381,
      "33.9266,-111.411": 5451.923454710889,
      "33.9613,-111.411": 3505.7353343062305,
      "33.9005,-111.411": 6219.207081603203,
      "33.8918,-111.411": 5497.692614485869,
      "33.9526,-111.411": 3493.1438292281055,
      "33.9179,-111.411": 6137.955028478203,
      "33.9439,-111.411": 4485.108927076631
   }
}